Prompt Type,1.5,3.0,7.0,32.0,72.0,Mean
agentic,4.055598158047975,3.6051215949712843,3.6454612294517914,3.5421835129628514,3.008358561927177,3.571344611472216
zero-shot,3.5768151407322244,2.933340822237414,2.911066331658567,2.9855287445306984,3.0037024327542343,3.082090694382628
few-shot,3.7487660588500185,3.3143282986553073,2.9680694340720613,3.059286346425973,3.0228182296845465,3.2226536735375815
parallel,3.4385520093202744,2.927465331251911,3.201171010358758,2.9729643186826733,2.814699238559714,3.0709703816346656
chain-of-thought,3.3005049025486657,3.8094837984054295,2.9990013405524913,3.0920177575858627,3.6565990437016507,3.3715213685588203
Mean,3.624047253899832,3.3179479691042695,3.144953869218734,3.1303961360376116,3.101235501325464,3.263716145917182
