Prompt Type,1.5,3.0,7.0,32.0,72.0,Mean
agentic,4.044210541617783,3.606693798264886,3.645461229451792,3.573816978732689,3.1456315616288886,3.6031628219392076
zero-shot,3.5768151407322244,2.933340822237414,2.9110663316585668,2.985528744530699,3.0037024327542343,3.082090694382628
few-shot,3.7487660588500185,3.314328298655307,2.9680694340720613,3.0592863464259725,3.0228182296845465,3.222653673537581
parallel,3.4385520093202744,2.927465331251911,3.201171010358758,2.972964318682673,2.814699238559714,3.0709703816346656
chain-of-thought,3.3005049025486657,3.809483798405429,2.999001340552491,3.0920177575858627,3.6565990437016507,3.3715213685588195
Mean,3.621769730613793,3.3182624097629896,3.144953869218734,3.136722829191579,3.1286901012658066,3.2700797880105803
