Prompt Type,1.5,3.0,7.0,32.0,72.0,Mean
agentic,0.7022749511324455,0.666577509308887,0.15955095150107929,0.3624287096958673,1.4567413184651081,0.6695146880206775
zero-shot,2.812328729278857,0.5206620626121904,1.1595509515010791,0.8053842848344126,1.4512176181677459,1.3498287292788569
few-shot,2.4998287292788572,1.3956620626121903,-0.5487823818322541,0.5831620626121904,1.312328729278857,1.0484398403899682
parallel,-0.7848934929433652,1.0831620626121903,-0.2293379373878096,0.7012176181677459,0.9789953959455236,0.349828729278857
chain-of-thought,2.249828729278857,1.3539953959455238,1.0345509515010791,1.4651065070566347,1.610939840389968,1.5428842848344124
Mean,1.4958735292051304,1.0040118186181963,0.31510650705663473,0.78345983647337,1.3620445804494405,0.9920992543605545
