Prompt Type,1.7,4.0,8.0,14.0,32.0,Mean
agentic,3.811864560341581,3.6515371779362664,3.189772333082141,3.4975959691515923,3.5162020194329777,3.533394411988912
zero-shot,3.0458174730677112,3.040525596122494,2.948602264528814,3.010622384685389,3.0808662239720013,3.025286788475282
few-shot,3.556348660643079,3.291576846824883,3.2667055788455426,3.3459269126265334,3.3000929779145705,3.352130195370922
parallel,3.299938734055807,3.0969705908035357,3.0447551304051657,2.9183473701250224,3.01654117833875,3.0753106007456563
chain-of-thought,3.148070442311329,3.109402990084467,3.042654242325798,2.9753847658532253,3.1219011824048795,3.0794827245959397
Mean,3.3724079740839015,3.23800264035433,3.098497909837492,3.1495754804883527,3.2071207164126356,3.2131209442353423
