Prompt Type,1.5,3.0,7.0,32.0,72.0,Mean
agentic,0.6666297767666323,0.6381061351307857,0.15955095150107929,0.37631591352612515,1.7641983574301168,0.7209602268709479
zero-shot,2.812328729278857,0.5206620626121904,1.1595509515010791,0.8053842848344126,1.4512176181677459,1.3498287292788569
few-shot,2.4998287292788572,1.3956620626121905,-0.548782381832254,0.5831620626121903,1.312328729278857,1.0484398403899682
parallel,-0.7848934929433652,1.0831620626121903,-0.22933793738780966,0.701217618167746,0.9789953959455236,0.349828729278857
chain-of-thought,2.2498287292788572,1.3539953959455238,1.0345509515010793,1.4651065070566347,1.6109398403899682,1.5428842848344126
Mean,1.4887444943319674,0.9983175437825761,0.31510650705663484,0.7862372772394217,1.4235359882424423,1.0023883621306084
