Prompt Type,1.5,3.0,7.0,32.0,72.0,Mean
agentic,4.061687895625406,3.5276694460006315,3.5713565599172443,3.680691763471792,3.4395349085940183,3.656188114721819
zero-shot,3.5768151407322244,2.933340822237414,2.9110663316585668,2.985528744530699,3.0037024327542343,3.082090694382628
few-shot,3.7487660588500185,3.314328298655307,2.9680694340720613,3.0592863464259725,3.0228182296845465,3.222653673537581
parallel,3.4385520093202744,2.927465331251911,3.201171010358758,2.972964318682673,2.814699238559714,3.0709703816346656
chain-of-thought,3.3005049025486657,3.6184911544456266,2.999001340552491,3.0920177575858627,3.1271918387363025,3.2274413987737893
Mean,3.625265201415318,3.2642590105181783,3.130132935311824,3.1580977861393995,3.081589329665763,3.2518688526100967
