Prompt Type,1.7,4.0,8.0,14.0,32.0,Mean
agentic,3.871518195013183,3.7453296867571857,3.35132066643129,3.4163600035054644,3.489899999099561,3.574885710161337
zero-shot,3.0458174730677112,3.040525596122494,2.948602264528814,3.010622384685389,3.0808662239720013,3.025286788475282
few-shot,3.556348660643079,3.291576846824883,3.2667055788455426,3.3459269126265334,3.3000929779145705,3.352130195370922
parallel,3.299938734055807,3.0969705908035357,3.0447551304051657,2.9183473701250224,3.01654117833875,3.0753106007456563
chain-of-thought,3.148070442311329,3.109402990084467,3.042654242325798,2.9753847658532253,3.1219011824048795,3.0794827245959397
Mean,3.3843387010182218,3.2567611421185134,3.1308075765073218,3.1333282873591273,3.201860312345952,3.2214192038698273
