Prompt Type,1.7,4.0,8.0,14.0,32.0,Mean
agentic,0.9539795162158646,0.9599203525987525,0.9736626064693618,0.9635957930025422,0.9630151523921653,0.9628346841357371
zero-shot,0.9725736868359738,0.9728491479103172,0.974251992288305,0.9730405472464532,0.97206581019153,0.9729562368945158
few-shot,0.9603252804499439,0.9670550780247547,0.966707374752712,0.9656751201976537,0.9664638771282326,0.9652453461106594
parallel,0.966645228073726,0.9712773446834704,0.9723085999555889,0.9748834250155757,0.9732312033463963,0.9716691602149513
chain-of-thought,0.9706177497771384,0.9713155635178973,0.9726777694692886,0.9736923343861172,0.9714108834525206,0.9719428601205925
Mean,0.9648282922705294,0.9684834973470384,0.9719216685870512,0.9701774439696684,0.9692373853021689,0.9689296574952913
