Prompt Type,1.7,4.0,8.0,14.0,32.0,Mean
agentic,-3.2435058427269334,-2.757496041277407,-1.7068269309707058,-2.3782970001818016,-2.5273471171820834,-2.5226945864677863
zero-shot,-1.02371143666238,-1.0047060407032484,-0.7350096151156953,-0.92204696503271,-1.094567380176291,-0.9560082875380651
few-shot,-2.363772089692201,-1.702186450085161,-1.477522237387637,-1.7305736566020729,-1.6866412325625455,-1.7921391332659238
parallel,-1.7080670883480886,-1.1924148852464578,-1.104041216507818,-0.6811788344552567,-1.0787446906167275,-1.15288934303487
chain-of-thought,-1.1803047848298456,-1.212319051248806,-0.9737191474569062,-0.7653245420665054,-1.1925226331615906,-1.0648380317527308
Mean,-1.9038722484518895,-1.573824493712216,-1.1994238294877526,-1.2954841996676694,-1.5159646107398477,-1.4977138764118751
