Prompt Type,1.5,3.0,7.0,32.0,72.0,Mean
agentic,0.16007259293960277,0.2473018550847044,-0.0469447159512674,0.030894693904703945,0.3779948883452779,0.15386386286460432
zero-shot,0.9273093618986663,0.173814034262825,0.3847351060864437,0.27102797784793,0.4826914871570056,0.4479155934505741
few-shot,0.8162320151458984,0.4624883856819231,-0.1859555413944259,0.1928639361721273,0.4315990199477182,0.3434455631106482
parallel,-0.2761819653608881,0.3607161506212233,-0.07584115901709879,0.23550361312232637,0.3263255268081245,0.11410443323473744
chain-of-thought,0.7441588753201419,0.44226077706246825,0.3432584318139436,0.48819017049739255,0.5283950281376395,0.5092526565663171
Mean,0.4743181759886842,0.33731624054262876,0.08385042430751903,0.24369607830889603,0.4294011900791531,0.31371642184537624
