Prompt Type,1.5,3.0,7.0,32.0,72.0,Mean
agentic,0.2308535678253541,0.20927771933931083,0.05032712419448314,0.1280790548966716,0.5071296620276328,0.22513342565669045
zero-shot,0.9273093618986663,0.173814034262825,0.3847351060864437,0.27102797784793,0.4826914871570056,0.4479155934505741
few-shot,0.8162320151458984,0.4624883856819231,-0.1859555413944259,0.1928639361721273,0.4315990199477182,0.3434455631106482
parallel,-0.2761819653608881,0.3607161506212233,-0.07584115901709879,0.23550361312232637,0.3263255268081245,0.11410443323473744
chain-of-thought,0.7441588753201419,0.5131506416973699,0.3432584318139436,0.48819017049739255,0.7203067928311632,0.5618129824320022
Mean,0.48847437096583446,0.34388938632053045,0.10330479233666914,0.2631329505072896,0.49361049775432886,0.3384823995769305
