Prompt Type,1.7,4.0,8.0,14.0,32.0,Mean
agentic,0.5725882483648995,0.4982745307464478,0.2808403958706139,0.3332053658146438,0.26344826076221267,0.3896713603117635
zero-shot,0.1792505745827669,0.4010897303630212,0.3185822392203123,0.30302347021804427,0.3431260694492511,0.3090144167666792
few-shot,0.528108594067888,0.44083494071720647,0.3968665659497642,0.48332797125092103,0.41067228625045604,0.4519620716472472
parallel,0.00034168633321295875,0.09086556261762842,0.17128772761970165,0.09917362884061937,0.08808375389550342,0.08995047186133318
chain-of-thought,0.24677958732785926,0.41293746009288695,0.3590158007019499,0.3249700864989458,0.3032652897563468,0.32939364487559775
Mean,0.30541373813532535,0.3688004449074382,0.3053185458724684,0.30874010452463485,0.281719132022754,0.3139983930925242
