Prompt Type,1.5,3.0,7.0,32.0,72.0,Mean
agentic,0.21333076178332422,0.19681078009925382,0.0451426823020977,0.10732667485890462,0.40071646103064296,0.19266547201484466
zero-shot,0.8496758294490887,0.15260055743700932,0.3481948280374643,0.2419821436454528,0.4369201427810071,0.4058747002700044
few-shot,0.7549100921096821,0.4186715830805494,-0.17452960101215906,0.1737712044540836,0.39625708622889233,0.31381607297220965
parallel,-0.24879236210633998,0.3260961190803433,-0.07523773922456954,0.2105247714143462,0.2926290205820378,0.10104396194916357
chain-of-thought,0.6783562798678453,0.4571108363433801,0.31023856811559625,0.4413234331951287,0.6511613530821551,0.5076380941208212
Mean,0.44949612022072005,0.31025797520810716,0.09076174764368593,0.2349856455135832,0.4355368127409471,0.3042076602654087
